{
  "caseId": "MiriaOE-GPS",
  "side": "LEFT",
  "surgeon": "Bruno Gobbato",
  "preOp": {
    "retroversion": 23,
    "inferiorInclination": 5,
    "preOpSubluxation": 78
  },
  "planning": {
    "glenoidPlate": "LEFT/TechImport/Standard",
    "version": -9.999999999999986,
    "inclination": 4.999999999999993,
    "rotation": 0,
    "transfoFromImplantToLocalGlenoidRef": [
      0.98479630453299, -0.014927991132179, 0.17307048754455, -1.0075930916505,
      1.7313004740862e-05, 0.99630919671, 0.085836963199646, -2.9999826869953,
      -0.17371309184518, -0.084528927781174, 0.98116187354062, -5.9994016063499,
      0, 0, 0, 1
    ],
    "patientRefToGlenoidRef": [
      0.7579613069189, 0.25380084158476, 0.60089915129301, 146.18672943115,
      0.60184912192849, -0.62733696153438, -0.49419224106285, 148.71768951416,
      0.25153984107434, 0.73622922347845, -0.62824695689563, 143.53060531616,
      0, 0, 0, 1
    ]
  }
}
